{"cameraMode":{"drawMode":0,"name":"Shaded","section":"Shading Mode"},"sceneLighting":true,"audioPlay":false,"sceneViewState":{"showFog":true,"showMaterialUpdate":false,"showSkybox":true,"showFlares":true,"showImageEffects":true,"showParticleSystems":true},"in2DMode":false,"pivot":{"x":-5.473418712615967,"y":15.044777870178223,"z":43.43108367919922},"rotation":{"x":0.0040696305222809319,"y":-0.9790669083595276,"z":0.2025475949048996,"w":0.019675027579069139},"size":-11.877456665039063,"orthographic":false}