{"cameraMode":{"drawMode":0,"name":"Shaded","section":"Shading Mode"},"sceneLighting":false,"audioPlay":false,"sceneViewState":{"showFog":true,"showMaterialUpdate":false,"showSkybox":false,"showFlares":true,"showImageEffects":true,"showParticleSystems":true},"in2DMode":false,"pivot":{"x":-0.5199999809265137,"y":0.6000000238418579,"z":-8.289999961853028},"rotation":{"x":-0.27569064497947695,"y":0.00345762912184,"z":-0.0009916445706039668,"w":-0.9612406492233276},"size":0.7887312769889832,"orthographic":false}