{"cameraMode":{"drawMode":0,"name":"Shaded","section":"Shading Mode"},"sceneLighting":false,"audioPlay":false,"sceneViewState":{"showFog":true,"showMaterialUpdate":false,"showSkybox":false,"showFlares":true,"showImageEffects":true,"showParticleSystems":true},"in2DMode":false,"pivot":{"x":-5.868640899658203,"y":0.8318657875061035,"z":-1.7079658508300782},"rotation":{"x":-0.2165985256433487,"y":0.33510681986808779,"z":-0.07945682108402252,"w":-0.9134973287582398},"size":13.904579162597657,"orthographic":false}