{"cameraMode":{"drawMode":0,"name":"Shaded","section":"Shading Mode"},"sceneLighting":false,"audioPlay":false,"sceneViewState":{"showFog":true,"showMaterialUpdate":false,"showSkybox":false,"showFlares":true,"showImageEffects":true,"showParticleSystems":true},"in2DMode":false,"pivot":{"x":3.593207359313965,"y":1.056786060333252,"z":2.629452705383301},"rotation":{"x":-0.18677076697349549,"y":0.17055872082710267,"z":-0.03294498100876808,"w":-0.9669244289398193},"size":6.902327060699463,"orthographic":false}